index,coordx,coordz
0,100.0,105.0
1,502.22222222222223,105.0
2,904.4444444444445,105.0
3,1306.6666666666667,105.0
4,1708.888888888889,105.0
5,2111.1111111111113,105.0
6,2513.3333333333335,105.0
7,2915.5555555555557,105.0
8,3317.777777777778,105.0
9,3720.0,105.0
