index,coordx,coordz
0,0.0,10.0
1,944.4444444444445,10.0
2,1888.888888888889,10.0
3,2833.3333333333335,10.0
4,3777.777777777778,10.0
5,4722.222222222223,10.0
6,5666.666666666667,10.0
7,6611.111111111111,10.0
8,7555.555555555556,10.0
9,8500.0,10.0
