index,coordx,coordz
0,200.0,200.0
1,488.8888888888889,200.0
2,777.7777777777778,200.0
3,1066.6666666666667,200.0
4,1355.5555555555557,200.0
5,1644.4444444444446,200.0
6,1933.3333333333335,200.0
7,2222.2222222222226,200.0
8,2511.1111111111113,200.0
9,2800.0,200.0
